Workbook

Sheet Count and Lookup
A1: S.no | B1: Amount | C1: Customer Name | D1: isLoggedIn | L1: xlookup
A2: 101 | B2: 34082 | C2: Ram | D2: Yes | G2: Count | H2: =COUNT(A2:A11) -> 10
A3: 102 | B3: 27320 | C3: Shayam | D3: No | G3: CountA | H3: =COUNTA(C2:C11) -> 10 | K3: 106 | L3: =_xlfn.XLOOKUP(K3,A2:A11,D2:D11) -> Yes
A4: 103 | B4: 75637 | C4: Rohan | D4: Yes | G4: CountBlank | H4: =COUNTBLANK(B2:B11) -> 1
A5: 104 | B5: 60820 | C5: Mohan | D5: No
A6: 105 | B6: 77923 | C6: Ram | D6: No | G6: CountIf | H6: =COUNTIF(D2:D11,"Yes") -> 5
A7: 106 | C7: Shayam | D7: Yes
A8: 107 | B8: 25385 | C8: Rohan | D8: No | G8: LookUp Value | H8: 102 | I8: vlookup
A9: 108 | B9: 36031 | C9: Mohan | D9: No | H9: =VLOOKUP(H8,A1:D11,3,1) -> Shayam
A10: 109 | B10: 61175 | C10: Ram | D10: Yes
A11: 110 | B11: 73522 | C11: Shayam | D11: Yes | G11: SumIf | H11: =SUMIF(C2:C11,"Ram",B2:B11) -> 173180
G12: Sumifs | H12: =SUMIFS(B2:B11,C2:C11,"Shayam",D2:D11,"Yes") -> 73522
G13: Averageif | H13: =AVERAGEIF(C2:C11,"Ram",B2:B11) -> 57726.667
G14: AverageIfs | H14: =AVERAGEIFS(B2:B11,C2:C11,"Shayam",D2:D11,"Yes") -> 73522

Sheet Hlookup
A1: S.no | B1: 101 | C1: 102 | D1: 103 | E1: 104 | F1: 105 | G1: 106 | H1: 107 | I1: 108 | J1: 109 | K1: 110
A2: Amount | B2: 34082 | C2: 27320 | D2: 75637 | E2: 60820 | F2: 77923 | H2: 25385 | I2: 36031 | J2: 61175 | K2: 73522
A3: Customer Name | B3: Ram | C3: Shayam | D3: Rohan | E3: Mohan | F3: Ram | G3: Shayam | H3: Rohan | I3: Mohan | J3: Ram | K3: Shayam
A4: isLoggedIn | B4: Yes | C4: No | D4: Yes | E4: No | F4: No | G4: Yes | H4: No | I4: No | J4: Yes | K4: Yes
F8: H lookup
F9: S.no | G9: isloggedIn
E10: LookUp Value | F10: 105 | G10: =HLOOKUP(F10,A1:K4,4,0) -> No

Sheet Data
A1: S.no | B1: Amount | C1: Customer Name | D1: isloogedIn | E1: Region
A2: 101 | B2: 34082 | C2: Ram | D2: =VLOOKUP(A2,Loggedin!A1:B11,2,0) -> Yes | E2: East
A3: 102 | B3: 27320 | C3: Shayam | D3: =VLOOKUP(A3,Loggedin!A2:B12,2,0) -> No | E3: West
A4: 103 | B4: 75637 | C4: Rohan | D4: =VLOOKUP(A4,Loggedin!A3:B13,2,0) -> Yes | E4: North
A5: 104 | B5: 60820 | C5: Mohan | D5: =VLOOKUP(A5,Loggedin!A4:B14,2,0) -> No | E5: South
A6: 105 | B6: 77923 | C6: Ram | D6: =VLOOKUP(A6,Loggedin!A5:B15,2,0) -> No | E6: East
A7: 106 | B7: 65787 | C7: Shayam | D7: =VLOOKUP(A7,Loggedin!A6:B16,2,0) -> Yes | E7: West
A8: 107 | B8: 25385 | C8: Rohan | D8: =VLOOKUP(A8,Loggedin!A7:B17,2,0) -> No | E8: North
A9: 108 | B9: 36031 | C9: Mohan | D9: =VLOOKUP(A9,Loggedin!A8:B18,2,0) -> No | E9: South
A10: 109 | B10: 61175 | C10: Ram | D10: =VLOOKUP(A10,Loggedin!A9:B19,2,0) -> Yes | E10: East
A11: 110 | B11: 73522 | C11: Shayam | D11: =VLOOKUP(A11,Loggedin!A10:B20,2,0) -> Yes | E11: West

Sheet Loggedin
A1: S.no | B1: isLoggedIn
A2: 101 | B2: Yes
A3: 102 | B3: No | G3: North | H3: East
A4: 103 | B4: Yes | F4: Ram | G4: =SUMIFS(Data!$B$2:$B$11,Data!$C$2:$C$11,Loggedin!$F$4,Data!$E$2:$E$11,Loggedin!G3) -> 0 | H4: =SUMIFS(Data!$B$2:$B$11,Data!$C$2:$C$11,Loggedin!$F$4,Data!$E$2:$E$11,Loggedin!H3) -> 173180
A5: 104 | B5: No | F5: Shayam
A6: 105 | B6: No
A7: 106 | B7: Yes
A8: 107 | B8: No
A9: 108 | B9: No
A10: 109 | B10: Yes
A11: 110 | B11: Yes
